"##					",,,
ID,随机姓,随机符号,随机名
int,utf8string,utf8string,utf8string
1,王,★,安翔
2,李,◎,宾白
3,张,e,才捷
4,刘,C,飞宇
5,陈,々,刚豪
6,杨,D,高芬
7,黄,H,高邈
8,周,※,高懿
9,吴,¤,光明
10,赵,‰,晗昱
11,林,,涵意
12,孙,§,瀚h
13,徐,ㄤ,昊焱
14,朱,ㄥ,浩浩
15,马,A,浩思
16,胡,@,和洽
17,郑,ㄡ,弘方
18,郭,ㄊ,弘伟
19,何,,宏伯
20,高,,宏阔
21,罗,,宏义
22,梁,,鸿达
23,许,,鸿信
24,谢,,鸿志
25,宋,,华茂
26,曹,,嘉赐
27,唐,,嘉容
28,韩,,嘉珍
29,金,,建弼
30,沈,,建章
31,冯,,经纬
32,于,,景山
33,邓,,俊才
34,彭,,俊郎
35,蔡,,俊爽
36,蒋,,俊誉
37,潘,,开畅
38,董,,凯捷
39,叶,,康复
40,任,,乐安
41,丁,,乐水
42,袁,,乐悦
43,姜,,明轩
44,曾,,濮存
45,苏,,奇略
46,肖,,奇志
47,吕,,荣轩
48,方,,锐泽
49,杜,,睿广
50,程,,绍辉
51,姚,,斯年
52,魏,,泰初
53,汪,,天干
54,江,,天逸
55,范,,巍昂
56,田,,伟泽
57,陆,,文德
58,卢,,文山
59,钟,,向晨
60,顾,,心思
61,陶,,新觉
62,钱,,兴文
63,戴,,星汉
64,秦,,星渊
65,孟,,修然
66,夏,,学博
67,崔,,雅昶
68,白,,阳冰
69,邹,,阳舒
70,成,,阳泽
71,石,,毅然
72,章,,意致
73,薛,,英华
74,黎,,永言
75,贺,,勇毅
76,毛,,玉宸
77,谭,,玉泽
78,廖,,元良
79,侯,,远航
80,熊,,展鹏
81,邱,,昊天
82,史,,浩然
83,雷,,鹏飞
84,贾,,辰逸
85,尹,,俊驰
86,严,,俊楠
87,施,,弘文
88,常,,昊强
89,关,,风华
90,邵,,煜城
91,葛,,黎昕
92,孔,,嘉懿
93,付,,鹏涛
94,韦,,楷瑞
95,汤,,远航
96,安,,苑杰
97,康,,安晏
98,郝,,宾鸿
99,红,,博瀚
100,柒,,博学
101,莫,,才良
102,聂,,德海
103,纳兰,,德义
104,夏侯,,飞羽
105,诸葛,,刚洁
106,司马,,高o
107,上官,,高F
108,欧阳,,高原
109,东方,,光启
110,皇甫,,晗日
111,淳于,,涵映
112,轩辕,,翰藻
113,令狐,,昊英
114,长孙,,浩慨
115,慕容,,浩言
116,司徒,,和惬
117,宇文,,弘光
118,端木,,弘文
119,西门,,宏博
120,独孤,,宏朗
121,南宫,,宏逸
122,月,,鸿德
123,阳,,鸿轩
124,星,,鸿卓
125,云,,华美
126,雾,,嘉德
127,,,嘉瑞
128,,,嘉志
129,,,建德
130,,,建中
131,,,经武
132,,,景胜
133,,,俊材
134,,,俊力
135,,,俊悟
136,,,俊远
137,,,开诚
138,,,凯凯
139,,,康健
140,,,乐邦
141,,,乐天
142,,,乐湛
143,,,明远
144,,,溥心
145,,,奇迈
146,,,奇致
147,,,锐达
148,,,锐阵
149,,,睿好
150,,,绍钧
151,,,斯伯
152,,,泰和
153,,,天罡
154,,,天佑
155,,,巍然
156,,,伟兆
157,,,文栋
158,,,文石
159,,,向笛
160,,,心远
161,,,新立
162,,,兴贤
163,,,星河
164,,,星洲
165,,,修为
166,,,学海
167,,,雅畅
168,,,阳波
169,,,阳朔
170,,,阳州
171,,,子瑜
172,,,意智
173,,,英杰
174,,,永逸
175,,,宇达
176,,,玉成
177,,,煜祺
178,,,元亮
179,,,苑博
180,,,哲瀚
181,,,思聪
182,,,文轩
183,,,子默
184,,,浩宇
185,,,雨泽
186,,,鸿涛
187,,,哲瀚
188,,,越泽
189,,,靖琪
190,,,懿轩
191,,,烨霖
192,,,煜城
193,,,炎彬
194,,,建辉
195,,,旭尧
196,,,峻熙
197,,,安宜
198,,,宾实
199,,,博超
200,,,博雅
201,,,才艺
202,,,德厚
203,,,德庸
204,,,飞雨
205,,,刚捷
206,,,高峰
207,,,高明
208,,,高远
209,,,光熙
210,,,涵畅
211,,,涵育
212,,,瀚海
213,,,浩波
214,,,浩旷
215,,,皓轩
216,,,和顺
217,,,弘和
218,,,弘新
219,,,宏才
220,,,宏茂
221,,,宏毅
222,,,鸿飞
223,,,鸿煊
224,,,华奥
225,,,华清
226,,,嘉福
227,,,嘉胜
228,,,嘉致
229,,,建华
230,,,健柏
231,,,经业
232,,,景铄
233,,,俊驰
234,,,俊良
235,,,俊晤
236,,,俊哲
237,,,开宇
238,,,凯康
239,,,康乐
240,,,乐成
241,,,乐童
242,,,乐章
243,,,明哲
244,,,璞玉
245,,,奇胜
246,,,祺福
247,,,锐锋
248,,,锐志
249,,,睿明
250,,,绍祺
251,,,庆生
252,,,泰河
253,,,天工
254,,,天宇
255,,,巍奕
256,,,伟志
257,,,文赋
258,,,文星
259,,,向文
260,,,欣德
261,,,新荣
262,,,兴修
263,,,星华
264,,,修诚
265,,,修伟
266,,,学林
267,,,雅达
268,,,阳伯
269,,,阳文
270,,,烨赫
271,,,逸明
272,,,熠彤
273,,,英朗
274,,,永元
275,,,宇航
276,,,玉龙
277,,,元白
278,,,元龙
279,,,苑杰
280,,,哲茂
281,,,展鹏
282,,,鹭洋
283,,,思远
284,,,瑾瑜
285,,,烨磊
286,,,伟祺
287,,,雨泽
288,,,旭尧
289,,,明辉
290,,,烨伟
291,,,晋鹏
292,,,懿轩
293,,,鹤轩
294,,,致远
295,,,英杰
296,,,苑博
297,,,安怡
298,,,彬彬
299,,,博达
300,,,博延
301,,,才英
302,,,德华
303,,,德佑
304,,,飞语
305,,,刚毅
306,,,高歌
307,,,高爽
308,,,高韵
309,,,光耀
310,,,涵涤
311,,,翰采
312,,,瀚漠
313,,,浩博
314,,,浩阔
315,,,和蔼
316,,,和硕
317,,,弘厚
318,,,弘雅
319,,,宏畅
320,,,宏邈
321,,,宏远
322,,,鸿风
323,,,鸿煊
324,,,华采
325,,,华荣
326,,,嘉良
327,,,嘉石
328,,,坚白
329,,,建明
330,,,金鑫
331,,,经义
332,,,景天
333,,,俊楚
334,,,俊迈
335,,,俊侠
336,,,俊
337,,,开济
338,,,凯乐
339,,,康宁
340,,,乐池
341,,,乐贤
342,,,乐正
343,,,明
344,,,璞瑜
345,,,奇水
346,,,祺然
347,,,锐翰
348,,,锐智
349,,,睿识
350,,,绍元
351,,,锐利
352,,,泰鸿
353,,,天翰
354,,,天元
355,,,伟博
356,,,温纶
357,,,文光
358,,,文轩
359,,,向明
360,,,欣嘉
361,,,新知
362,,,子轩
363,,,星晖
364,,,修德
365,,,修文
366,,,学民
367,,,雅惠
368,,,阳成
369,,,阳曦
370,,,烨华
371,,,逸春
372,,,懿轩
373,,,英锐
374,,,永贞
375,,,宇寰
376,,,玉泉
377,,,元德
378,,,元明
379,,,越彬
380,,,哲圣
381,,,笑愚
382,,,振家
383,,,浩轩
384,,,皓轩
385,,,伟奇
386,,,荣轩
387,,,楷瑞
388,,,伟宸
389,,,伟诚
390,,,苑博
391,,,烨华
392,,,烨华
393,,,伟泽
394,,,俊驰
395,,,圣杰
396,,,雨泽
397,,,安易
398,,,彬炳
399,,,博厚
400,,,博艺
401,,,才哲
402,,,德辉
403,,,德宇
404,,,飞跃
405,,,高昂
406,,,高格
407,,,高兴
408,,,高卓
409,,,光誉
410,,,涵亮
411,,,翰池
412,,,昊苍
413,,,浩初
414,,,浩漫
415,,,和安
416,,,和颂
417,,,鹤轩
418,,,弘扬
419,,,宏达
420,,,宏儒
421,,,宏壮
422,,,鸿福
423,,,鸿雪
424,,,华彩
425,,,华容
426,,,嘉茂
427,,,嘉实
428,,,坚壁
429,,,建茗
430,,,锦程
431,,,经艺
432,,,景同
433,,,俊达
434,,,俊茂
435,,,俊贤
436,,,俊智
437,,,开霁
438,,,凯旋
439,,,康平
440,,,乐和
441,,,乐心
442,,,乐志
443,,,明知
444,,,浦和
445,,,奇思
446,,,祺祥
447,,,锐进
448,,,睿博
449,,,睿思
450,,,升荣
451,,,睿慈
452,,,泰华
453,,,天和
454,,,天韵
455,,,伟毅
456,,,温茂
457,,,文翰
458,,,文宣
459,,,向荣
460,,,欣可
461,,,信鸿
462,,,兴言
463,,,星火
464,,,修杰
465,,,修雅
466,,,学名
467,,,雅健
468,,,阳德
469,,,阳夏
470,,,烨磊
471,,,宜春
472,,,英飙
473,,,英睿
474,,,咏德
475,,,宇文
476,,,玉山
477,,,元化
478,,,元青
479,,,蕴涵
480,,,哲彦
481,,,志强
482,,,乐驹
483,,,语堂
484,,,擎苍
485,,,晟睿
486,,,越泽
487,,,建辉
488,,,志泽
489,,,明轩
490,,,鹏涛
491,,,煜祺
492,,,煜祺
493,,,君昊
494,,,雨泽
495,,,鑫鹏
496,,,黎昕
497,,,安志
498,,,彬郁
499,,,博简
500,,,博易
501,,,才俊
502,,,德惠
503,,,德元
504,,,飞章
505,,,高岑
506,,,高寒
507,,,高轩
508,,,光赫
509,,,光远
510,,,涵忍
511,,,翰飞
512,,,昊昊
513,,,浩大
514,,,浩淼
515,,,和璧
516,,,和泰
517,,,弘济
518,,,弘业
519,,,宏大
520,,,宏深
521,,,鸿宝
522,,,鸿光
523,,,鸿羽
524,,,华灿
525,,,承运
526,,,嘉木
527,,,嘉树
528,,,坚秉
529,,,建木
530,,,瑾瑜
531,,,景澄
532,,,景曜
533,,,俊德
534,,,俊美
535,,,俊雄
536,,,峻熙
537,,,开朗
538,,,凯泽
539,,,康胜
540,,,乐家
541,,,乐欣
542,,,黎昕
543,,,明志
544,,,浦泽
545,,,奇邃
546,,,祺瑞
547,,,锐精
548,,,睿才
549,,,睿聪
550,,,圣杰
551,,,同济
552,,,泰宁
553,,,天华
554,,,天泽
555,,,伟才
556,,,温书
557,,,文虹
558,,,文彦
559,,,向阳
560,,,欣然
561,,,信厚
562,,,兴业
563,,,星剑
564,,,修洁
565,,,修永
566,,,学文
567,,,雅B
568,,,阳华
569,,,阳旭
570,,,烨霖
571,,,宜民
572,,,英博
573,,,英
574,,,咏歌
575,,,宇荫
576,,,玉石
577,,,元基
578,,,元思
579,,,蕴和
580,,,振海
581,,,炫明
582,,,晓博
583,,,聪健
584,,,擎宇
585,,,文博
586,,,浩宇
587,,,晋鹏
588,,,博超
589,,,绍辉
590,,,炎彬
591,,,智宸
592,,,智宸
593,,,熠彤
594,,,烨磊
595,,,俊楠
596,,,昂然
597,,,斌斌
598,,,博明
599,,,博裕
600,,,成和
601,,,德容
602,,,德运
603,,,飞舟
604,,,高畅
605,,,高翰
606,,,高雅
607,,,光华
608,,,国安
609,,,涵容
610,,,翰海
611,,,昊空
612,,,浩宕
613,,,浩渺
614,,,和昶
615,,,和悌
616,,,弘阔
617,,,弘义
618,,,宏放
619,,,宏胜
620,,,鸿波
621,,,鸿晖
622,,,鸿远
623,,,华藏
624,,,承载
625,,,嘉慕
626,,,嘉澍
627,,,坚成
628,,,建树
629,,,晋鹏
630,,,景福
631,,,靖琪
632,,,俊发
633,,,俊民
634,,,俊雅
635,,,季萌
636,,,凯安
637,,,恺歌
638,,,康盛
639,,,乐康
640,,,乐逸
641,,,黎明
642,,,明智
643,,,锐思
644,,,奇伟
645,,,琪睿
646,,,锐立
647,,,睿诚
648,,,睿达
649,,,晟睿
650,,,志用
651,,,泰平
652,,,天骄
653,,,天纵
654,,,伟诚
655,,,温韦
656,,,文华
657,,,文曜
658,,,翔宇
659,,,欣荣
660,,,信鸥
661,,,兴运
662,,,星津
663,,,修谨
664,,,修远
665,,,学义
666,,,雅逸
667,,,阳晖
668,,,阳煦
669,,,烨然
670,,,宜年
671,,,英才
672,,,英韶
673,,,咏思
674,,,雨伯
675,,,玉书
676,,,元嘉
677,,,元纬
678,,,蕴藉
679,,,振国
680,,,雪松
681,,,文博
682,,,致远
683,,,致远
684,,,天佑
685,,,瑾瑜
686,,,天磊
687,,,君浩
688,,,健柏
689,,,鹤轩
690,,,正豪
691,,,正豪
692,,,鸿煊
693,,,国豪
694,,,鸿涛
695,,,斌蔚
696,,,博容
697,,,成弘
698,,,成周
699,,,承宣
700,,,成仁
701,,,德泽
702,,,风华
703,,,高超
704,,,高杰
705,,,高扬
706,,,光辉
707,,,国兴
708,,,涵润
709,,,翰翮
710,,,昊乾
711,,,浩荡
712,,,浩邈
713,,,和畅
714,,,和通
715,,,弘亮
716,,,弘益
717,,,宏富
718,,,宏盛
719,,,鸿博
720,,,鸿朗
721,,,鸿云
722,,,华池
723,,,承泽
724,,,嘉纳
725,,,嘉熙
726,,,坚诚
727,,,建同
728,,,经赋
729,,,景焕
730,,,君昊
731,,,俊风
732,,,俊名
733,,,俊彦
734,,,季同
735,,,凯唱
736,,,恺乐
737,,,康时
738,,,乐人
739,,,乐意
740,,,力夫
741,,,怒炎
742,,,锐逸
743,,,奇玮
744,,,志泽
745,,,泰清
746,,,天空
747,,,同方
748,,,伟茂
749,,,温文
750,,,文康
751,,,文耀
752,,,翔飞
753,,,欣怡
754,,,信然
755,,,兴生
756,,,星波
757,,,星阑
758,,,修筠
759,,,修真
760,,,雅懿
761,,,阳辉
762,,,阳炎
763,,,烨烁
764,,,宜然
765,,,英达
766,,,英卫
767,,,英资
768,,,永宁
769,,,咏志
770,,,雨华
771,,,玉树
772,,,自珍
773,,,正诚
774,,,正雅
775,,,志尚
776,,,志新
777,,,正青
778,,,正志
779,,,思源
780,,,昊焱
781,,,圣杰
782,,,烨磊
783,,,文昊
784,,,皓轩
785,,,绍辉
786,,,子骞
787,,,英杰
788,,,伟泽
789,,,昊然
790,,,昊然
791,,,博涛
792,,,伟奇
793,,,伟祺
794,,,滨海
795,,,博赡
796,,,成化
797,,,承安
798,,,承颜
799,,,成双
800,,,德明
801,,,丰茂
802,,,高驰
803,,,高洁
804,,,高阳
805,,,光济
806,,,国源
807,,,涵涵
808,,,翰林
809,,,昊穹
810,,,浩歌
811,,,浩气
812,,,和风
813,,,和同
814,,,弘量
815,,,弘毅
816,,,宏峻
817,,,宏爽
818,,,鸿才
819,,,鸿文
820,,,鸿运
821,,,华翰
822,,,承志
823,,,嘉年
824,,,嘉禧
825,,,建安
826,,,建修
827,,,经亘
828,,,景辉
829,,,君浩
830,,,俊豪
831,,,俊明
832,,,俊逸
833,,,承基
834,,,凯定
835,,,康安
836,,,康适
837,,,乐容
838,,,乐音
839,,,力强
840,,,成天
841,,,锐意
842,,,奇文
843,,,志业
844,,,泰然
845,,,天禄
846,,,同甫
847,,,伟懋
848,,,温瑜
849,,,文乐
850,,,文斌
851,,,项禹
852,,,欣怿
853,,,信瑞
854,,,兴思
855,,,星辰
856,,,星纬
857,,,修明
858,,,修竹
859,,,雅志
860,,,阳嘉
861,,,阳焱
862,,,烨伟
863,,,宜人
864,,,英发
865,,,英武
866,,,英纵
867,,,永寿
868,,,勇男
869,,,雨石
870,,,玉堂
871,,,曾琪
872,,,正初
873,,,正阳
874,,,志专
875,,,志勇
876,,,正卿
877,,,志诚
878,,,智渊
879,,,立果
880,,,睿渊
881,,,晟睿
882,,,修洁
883,,,擎苍
884,,,浩南
885,,,鹏涛
886,,,修杰
887,,,君昊
888,,,明杰
889,,,志泽
890,,,苑杰
891,,,文博
892,,,荣轩
893,,,波光
894,,,博涉
895,,,成济
896,,,承弼
897,,,承业
898,,,承福
899,,,德水
900,,,丰羽
901,,,高达
902,,,高峻
903,,,高义
904,,,光霁
905,,,冠宇
906,,,涵煦
907,,,翰墨
908,,,昊然
909,,,浩广
910,,,浩然
911,,,和歌
912,,,和煦
913,,,弘深
914,,,弘懿
915,,,宏浚
916,,,宏硕
917,,,鸿彩
918,,,鸿熙
919,,,鸿哲
920,,,华皓
921,,,博远
922,,,嘉平
923,,,嘉歆
924,,,建白
925,,,建业
926,,,经国
927,,,景辉
928,,,俊艾
929,,,俊健
930,,,俊楠
931,,,俊英
932,,,承教
933,,,凯风
934,,,康伯
935,,,康顺
936,,,乐山
937,,,乐咏
938,,,力勤
939,,,成文
940,,,锐藻
941,,,奇希
942,,,志义
943,,,天材
944,,,天路
945,,,同光
946,,,伟祺
947,,,文柏
948,,,文林
949,,,文彬
950,,,项明
951,,,欣悦
952,,,兴安
953,,,兴腾
954,,,星驰
955,,,星文
956,,,修能
957,,,修贤
958,,,炎彬
959,,,阳平
960,,,阳曜
961,,,烨烨
962,,,宜修
963,,,英范
964,,,英悟
965,,,永怡
966,,,永思
967,,,勇军
968,,,雨信
969,,,玉轩
970,,,泽宇
971,,,正德
972,,,正业
973,,,志文
974,,,志明
975,,,正文
976,,,正平
977,,,思淼
978,,,金鑫
979,,,博文 
980,,,文博
981,,,黎昕
982,,,擎宇
983,,,泽洋
984,,,炎彬
985,,,志泽
986,,,熠彤
987,,,立诚
988,,,明杰
989,,,黎昕
990,,,天佑
991,,,浩宇
992,,,波鸿
993,,,博实
994,,,成礼
995,,,承德
996,,,承悦
997,,,思源
998,,,德馨
999,,,德润
1000,,,高澹
1001,,,高朗
1002,,,高谊
1003,,,光亮
1004,,,冠玉
1005,,,涵蓄
1006,,,翰学
1007,,,昊然
1008,,,浩
1009,,,浩穰
1010,,,和光
1011,,,和雅
1012,,,弘盛
1013,,,弘致
1014,,,宏恺
1015,,,宏伟
1016,,,鸿畅
1017,,,鸿羲
1018,,,鸿祯
1019,,,华晖
1020,,,承天
1021,,,嘉庆
1022,,,嘉许
1023,,,建柏
1024,,,建义
1025,,,经略
1026,,,景龙
1027,,,俊拔
1028,,,俊杰
1029,,,俊能
1030,,,俊友
1031,,,承平
1032,,,凯复
1033,,,康成
1034,,,康泰
1035,,,乐生
1036,,,乐游
1037,,,力行
1038,,,成业
1039,,,睿德
1040,,,奇逸
1041,,,思博
1042,,,天成
1043,,,天瑞
1044,,,同和
1045,,,伟彦
1046,,,文昌
1047,,,文敏
1048,,,文滨
1049,,,晓博
1050,,,新翰
1051,,,兴邦
1052,,,兴旺
1053,,,星光
1054,,,星宇
1055,,,修平
1056,,,旭尧
1057,,,阳飙
1058,,,阳秋
1059,,,阳羽
1060,,,烨熠
1061,,,意远
1062,,,英光
1063,,,英勋
1064,,,永春
1065,,,永望
1066,,,勇捷
1067,,,雨星
1068,,,玉宇
1069,,,泽语
1070,,,正浩
1071,,,正谊
1072,,,志行
1073,,,志国
1074,,,正祥
1075,,,正奇
1076,,,晓啸
1077,,,锦程
1078,,,嘉懿
1079,,,天佑
1080,,,远航
1081,,,志泽
1082,,,鑫磊
1083,,,鹤轩
1084,,,弘文
1085,,,鸿煊
1086,,,立轩
1087,,,弘文
1088,,,烨霖
1089,,,文昊
1090,,,晋鹏
1091,,,越彬
1092,,,波峻
1093,,,博涛
1094,,,成龙
1095,,,承恩
1096,,,承允
1097,,,思远
1098,,,德曜
1099,,,德寿
1100,,,高飞
1101,,,高丽
1102,,,高逸
1103,,,光临
1104,,,成荫
1105,,,涵衍
1106,,,翰音
1107,,,昊天
1108,,,浩瀚
1109,,,浩壤
1110,,,和平
1111,,,和宜
1112,,,弘图
1113,,,弘壮
1114,,,宏旷
1115,,,宏扬
1116,,,鸿畴
1117,,,鸿禧
1118,,,鸿振
1119,,,华辉
1120,,,承望
1121,,,嘉荣
1122,,,嘉泽
1123,,,建本
1124,,,建元
1125,,,经纶
1126,,,景明
1127,,,俊弼
1128,,,俊捷
1129,,,俊人
1130,,,俊语
1131,,,承嗣
1132,,,凯歌
1133,,,康德
1134,,,康裕
1135,,,乐圣
1136,,,乐语
1137,,,力学
1138,,,成益
1139,,,睿范
1140,,,奇正
1141,,,思淼
1142,,,天赋
1143,,,天睿
1144,,,同化
1145,,,伟晔
1146,,,文成
1147,,,文瑞
1148,,,致远
1149,,,心水
1150,,,新霁
1151,,,兴昌
1152,,,兴为
1153,,,星海
1154,,,星雨
1155,,,修齐
1156,,,炫明
1157,,,阳k
1158,,,阳荣
1159,,,阳云
1160,,,烨煜
1161,,,意蕴
1162,,,英豪
1163,,,英彦
1164,,,永安
1165,,,永新
1166,,,勇锐
1167,,,雨泽
1168,,,玉韵
1169,,,自怡
1170,,,正豪
1171,,,正真
1172,,,志学
1173,,,志强
1174,,,正信
1175,,,思聪
1176,,,天宇
1177,,,嘉熙
1178,,,英杰
1179,,,旭尧
1180,,,子轩
1181,,,鹏煊
1182,,,伟泽
1183,,,峻熙
1184,,,博涛
1185,,,立辉
1186,,,烨伟
1187,,,哲瀚
1188,,,修杰
1189,,,瑾瑜
1190,,,梦琪
1191,,,忆柳
1192,,,之桃
1193,,,慕青
1194,,,问兰
1195,,,尔岚
1196,,,元香
1197,,,初夏
1198,,,沛菡
1199,,,傲珊
1200,,,曼文
1201,,,乐菱
1202,,,痴珊
1203,,,恨玉
1204,,,惜文
1205,,,香寒
1206,,,新柔
1207,,,语蓉
1208,,,海安
1209,,,夜蓉
1210,,,涵柏
1211,,,水桃
1212,,,醉蓝
1213,,,春儿
1214,,,语琴
1215,,,从彤
1216,,,傲晴
1217,,,语兰
1218,,,又菱
1219,,,碧彤
1220,,,元霜
1221,,,怜梦
1222,,,紫寒
1223,,,妙彤
1224,,,曼易
1225,,,南莲
1226,,,紫翠
1227,,,雨寒
1228,,,易烟
1229,,,如萱
1230,,,若南
1231,,,寻真
1232,,,晓亦
1233,,,向珊
1234,,,慕灵
1235,,,以蕊
1236,,,寻雁
1237,,,映易
1238,,,雪柳
1239,,,孤岚
1240,,,笑霜
1241,,,海云
1242,,,凝天
1243,,,沛珊
1244,,,寒云
1245,,,冰旋
1246,,,宛儿
1247,,,绿真
1248,,,盼儿
1249,,,晓霜
1250,,,碧凡
1251,,,夏菡
1252,,,曼香
1253,,,若烟
1254,,,半梦
1255,,,雅绿
1256,,,冰蓝
1257,,,灵槐
1258,,,平安
1259,,,书翠
1260,,,翠风
1261,,,香巧
1262,,,代云
1263,,,梦曼
1264,,,幼翠
1265,,,友巧
1266,,,听寒
1267,,,梦柏
1268,,,醉易
1269,,,访旋
1270,,,亦玉
1271,,,凌萱
1272,,,访卉
1273,,,怀亦
1274,,,笑蓝
1275,,,春翠
1276,,,靖柏
1277,,,夜蕾
1278,,,冰夏
1279,,,梦松
1280,,,书雪
1281,,,乐枫
1282,,,念薇
1283,,,靖雁
1284,,,寻春
1285,,,恨山
1286,,,从寒
1287,,,忆香
1288,,,觅波
1289,,,静曼
1290,,,凡旋
1291,,,以亦
1292,,,念露
1293,,,芷蕾
1294,,,千兰
1295,,,新波
1296,,,代真
1297,,,新蕾
1298,,,雁玉
1299,,,冷卉
1300,,,紫山
1301,,,千琴
1302,,,恨天
1303,,,傲芙
1304,,,盼山
1305,,,怀蝶
1306,,,冰兰
1307,,,山柏
1308,,,翠萱
1309,,,恨松
1310,,,问旋
1311,,,从南
1312,,,白易
1313,,,问筠
1314,,,如霜
1315,,,半芹
1316,,,丹珍
1317,,,冰彤
1318,,,亦寒
1319,,,寒雁
1320,,,怜云
1321,,,寻文
1322,,,乐丹
1323,,,翠柔
1324,,,谷山
1325,,,之瑶
1326,,,冰露
1327,,,尔珍
1328,,,谷雪
1329,,,乐萱
1330,,,涵菡
1331,,,海莲
1332,,,傲蕾
1333,,,青槐
1334,,,冬儿
1335,,,易梦
1336,,,惜雪
1337,,,宛海
1338,,,之柔
1339,,,夏青
1340,,,亦瑶
1341,,,妙菡
1342,,,春竹
1343,,,痴梦
1344,,,紫蓝
1345,,,晓巧
1346,,,幻柏
1347,,,元风
1348,,,冰枫
1349,,,访蕊
1350,,,南春
1351,,,芷蕊
1352,,,凡蕾
1353,,,凡柔
1354,,,安蕾
1355,,,天荷
1356,,,含玉
1357,,,书兰
1358,,,雅琴
1359,,,书瑶
1360,,,春雁
1361,,,从安
1362,,,夏槐
1363,,,念芹
1364,,,怀萍
1365,,,代曼
1366,,,幻珊
1367,,,谷丝
1368,,,秋翠
1369,,,白晴
1370,,,芷文
1371,,,寄春
1372,,,梦寒
1373,,,初翠
1374,,,灵波
1375,,,巧春
1376,,,南晴
1377,,,海露
1378,,,代荷
1379,,,含玉
1380,,,书蕾
1381,,,听白
1382,,,访琴
1383,,,灵雁
1384,,,秋春
1385,,,雪青
1386,,,乐瑶
1387,,,含烟
1388,,,涵双
1389,,,平蝶
1390,,,雅蕊
1391,,,傲之
1392,,,灵薇
1393,,,绿春
1394,,,含蕾
1395,,,从梦
1396,,,从蓉
1397,,,初丹
1398,,,听兰
1399,,,听蓉
1400,,,语芙
1401,,,夏彤
1402,,,凌瑶
1403,,,忆翠
1404,,,幻灵
1405,,,怜菡
1406,,,紫南
1407,,,依珊
1408,,,妙竹
1409,,,访烟
1410,,,怜蕾
1411,,,映寒
1412,,,友绿
1413,,,冰萍
1414,,,惜霜
1415,,,凌香
1416,,,芷蕾
1417,,,雁卉
1418,,,迎梦
1419,,,元柏
1420,,,代萱
1421,,,紫真
1422,,,千青
1423,,,凌寒
1424,,,紫安
1425,,,寒安
1426,,,怀蕊
1427,,,秋荷
1428,,,涵雁
1429,,,以山
1430,,,凡梅
1431,,,盼曼
1432,,,翠彤
1433,,,谷冬
1434,,,新巧
1435,,,冷安
1436,,,千萍
1437,,,凝阳
1438,,,访风
1439,,,天亦
1440,,,平绿
1441,,,盼香
1442,,,觅风
1443,,,小霜
1444,,,雪萍
1445,,,半雪
1446,,,山柳
1447,,,谷雪
1448,,,靖易
1449,,,白薇
1450,,,梦菡
1451,,,飞绿
1452,,,如波
1453,,,又晴
1454,,,友易
1455,,,香菱
1456,,,冬亦
1457,,,问雁
1458,,,妙春
1459,,,海冬
1460,,,半安
1461,,,平春
1462,,,幼柏
1463,,,秋灵
1464,,,凝芙
1465,,,念烟
1466,,,白山
1467,,,从灵
1468,,,尔芙
1469,,,迎蓉
1470,,,念寒
1471,,,翠绿
1472,,,翠芙
1473,,,靖儿
1474,,,妙柏
1475,,,千凝
1476,,,小珍
1477,,,天巧
1478,,,妙旋
1479,,,雪枫
1480,,,夏菡
1481,,,元绿
1482,,,痴灵
1483,,,绮琴
1484,,,雨双
1485,,,听枫
1486,,,觅荷
1487,,,凡之
1488,,,晓凡
1489,,,雅彤
1490,,,香薇
1491,,,孤风
1492,,,从安
1493,,,绮彤
1494,,,之玉
1495,,,雨珍
1496,,,幻丝
1497,,,青亦
1498,,,元菱
1499,,,海瑶
1500,,,飞槐
1501,,,听露
1502,,,梦岚
1503,,,幻竹
1504,,,新冬
1505,,,盼翠
1506,,,谷云
1507,,,代梅
1508,,,香波
1509,,,忆霜
1510,,,水瑶
1511,,,慕晴
1512,,,秋双
1513,,,雨真
1514,,,觅珍
1515,,,丹雪
1516,,,从阳
1517,,,元枫
1518,,,痴香
1519,,,思天
1520,,,如松
1521,,,妙晴
1522,,,谷秋
1523,,,妙松
1524,,,晓夏
1525,,,香柏
1526,,,巧绿
1527,,,宛筠
1528,,,碧琴
1529,,,盼兰
1530,,,小夏
1531,,,安容
1532,,,青曼
1533,,,千儿
1534,,,香春
1535,,,寻双
1536,,,涵瑶
1537,,,冷梅
1538,,,秋柔
1539,,,思菱
1540,,,醉波
1541,,,醉柳
1542,,,以寒
1543,,,迎夏
1544,,,向雪
1545,,,香莲
1546,,,以丹
1547,,,依凝
1548,,,如柏
1549,,,雁菱
1550,,,凝竹
1551,,,宛白
1552,,,初柔
1553,,,南蕾
1554,,,书萱
1555,,,梦槐
1556,,,香芹
1557,,,南琴
1558,,,绿海
1559,,,沛儿
1560,,,晓瑶
1561,,,听春
1562,,,凝蝶
1563,,,紫雪
1564,,,念双
1565,,,念真
1566,,,曼寒
1567,,,凡霜
1568,,,飞雪
1569,,,雪兰
1570,,,雅霜
1571,,,从蓉
1572,,,冷雪
1573,,,靖巧
1574,,,翠丝
1575,,,觅翠
1576,,,凡白
1577,,,乐蓉
1578,,,迎波
1579,,,丹烟
1580,,,梦旋
1581,,,书双
1582,,,念桃
1583,,,夜天
1584,,,海桃
1585,,,青香
1586,,,恨风
1587,,,安筠
1588,,,觅柔
1589,,,初南
1590,,,秋蝶
1591,,,千易
1592,,,安露
1593,,,诗蕊
1594,,,山雁
1595,,,友菱
1596,,,香露
1597,,,晓兰
1598,,,白卉
1599,,,语山
1600,,,冷珍
1601,,,秋翠
1602,,,夏柳
1603,,,如之
1604,,,忆南
1605,,,书易
1606,,,翠桃
1607,,,寄瑶
1608,,,如曼
1609,,,问柳
1610,,,香梅
1611,,,幻桃
1612,,,又菡
1613,,,春绿
1614,,,醉蝶
1615,,,亦绿
1616,,,诗珊
1617,,,雪环
1618,,,蕴涵
1619,,,淑颖
1620,,,瑾萱
1621,,,钰彤
1622,,,Z雯
1623,,,慕涵
1624,,,思蕊
1625,,,思淼
1626,,,芮婷
1627,,,芸熙
1628,,,婧瑶
1629,,,沁舒
1630,,,睿雪
1631,,,恨之
1632,,,乐珍
1633,,,寒荷
1634,,,觅双
1635,,,白桃
1636,,,安卉
1637,,,迎曼
1638,,,盼雁
1639,,,乐松
1640,,,涵山
1641,,,恨寒
1642,,,问枫
1643,,,以柳
1644,,,含海
1645,,,秋春
1646,,,翠曼
1647,,,忆梅
1648,,,涵柳
1649,,,梦香
1650,,,海蓝
1651,,,晓曼
1652,,,代珊
1653,,,春冬
1654,,,恨荷
1655,,,忆丹
1656,,,静芙
1657,,,绮兰
1658,,,梦安
1659,,,紫丝
1660,,,千雁
1661,,,凝珍
1662,,,香萱
1663,,,梦容
1664,,,冷雁
1665,,,飞柏
1666,,,天真
1667,,,翠琴
1668,,,寄真
1669,,,秋荷
1670,,,代珊
1671,,,初雪
1672,,,雅柏
1673,,,怜容
1674,,,如风
1675,,,南露
1676,,,紫易
1677,,,冰凡
1678,,,海雪
1679,,,语蓉
1680,,,碧玉
1681,,,翠岚
1682,,,语风
1683,,,盼丹
1684,,,痴旋
1685,,,凝梦
1686,,,从雪
1687,,,白枫
1688,,,傲云
1689,,,白梅
1690,,,念露
1691,,,慕凝
1692,,,雅柔
1693,,,盼柳
1694,,,半青
1695,,,从霜
1696,,,怀柔
1697,,,怜晴
1698,,,夜蓉
1699,,,代双
1700,,,以南
1701,,,若菱
1702,,,芷文
1703,,,寄春
1704,,,南晴
1705,,,恨之
1706,,,梦寒
1707,,,初翠
1708,,,灵波
1709,,,巧春
1710,,,问夏
1711,,,凌春
1712,,,惜海
1713,,,亦旋
1714,,,沛芹
1715,,,幼萱
1716,,,白凝
1717,,,初露
1718,,,迎海
1719,,,绮玉
1720,,,凌香
1721,,,寻芹
1722,,,秋柳
1723,,,尔白
1724,,,映真
1725,,,含雁
1726,,,寒松
1727,,,友珊
1728,,,寻雪
1729,,,忆柏
1730,,,秋柏
1731,,,巧风
1732,,,恨蝶
1733,,,青烟
1734,,,问蕊
1735,,,灵阳
1736,,,春枫
1737,,,又儿
1738,,,雪巧
1739,,,丹萱
1740,,,凡双
1741,,,孤萍
1742,,,紫菱
1743,,,寻凝
1744,,,傲柏
1745,,,傲儿
1746,,,友容
1747,,,灵枫
1748,,,尔丝
1749,,,曼凝
1750,,,若蕊
1751,,,问丝
1752,,,思枫
1753,,,水卉
1754,,,问梅
1755,,,念寒
1756,,,诗双
1757,,,翠霜
1758,,,夜香
1759,,,寒蕾
1760,,,凡阳
1761,,,冷玉
1762,,,平彤
1763,,,语薇
1764,,,幻珊
1765,,,紫夏
1766,,,凌波
1767,,,芷蝶
1768,,,丹南
1769,,,之双
1770,,,凡波
1771,,,思雁
1772,,,白莲
1773,,,从菡
1774,,,如容
1775,,,采柳
1776,,,沛岚
1777,,,惜儿
1778,,,夜玉
1779,,,水儿
1780,,,半凡
1781,,,语海
1782,,,听莲
1783,,,幻枫
1784,,,念柏
1785,,,冰珍
1786,,,思山
1787,,,凝蕊
1788,,,天玉
1789,,,问香
1790,,,思萱
1791,,,向梦
1792,,,笑南
1793,,,夏旋
1794,,,之槐
1795,,,元灵
1796,,,以彤
1797,,,采萱
1798,,,巧曼
1799,,,绿兰
1800,,,平蓝
1801,,,问萍
1802,,,绿蓉
1803,,,靖柏
1804,,,迎蕾
1805,,,碧曼
1806,,,思卉
1807,,,白柏
1808,,,妙菡
1809,,,怜阳
1810,,,雨柏
1811,,,雁菡
1812,,,梦之
1813,,,又莲
1814,,,乐荷
1815,,,寒天
1816,,,凝琴
1817,,,书南
1818,,,映天
1819,,,白梦
1820,,,初瑶
1821,,,恨竹
1822,,,平露
1823,,,含巧
1824,,,慕蕊
1825,,,半莲
1826,,,醉卉
1827,,,天菱
1828,,,青雪
1829,,,雅旋
1830,,,巧荷
1831,,,飞丹
1832,,,恨云
1833,,,若灵
1834,,,尔云
1835,,,幻天
1836,,,诗兰
1837,,,青梦
1838,,,海菡
1839,,,灵槐
1840,,,忆秋
1841,,,寒凝
1842,,,凝芙
1843,,,绮山
1844,,,静白
1845,,,尔蓉
1846,,,尔冬
1847,,,映萱
1848,,,白筠
1849,,,冰双
1850,,,访彤
1851,,,绿柏
1852,,,夏云
1853,,,笑翠
1854,,,晓灵
1855,,,含双
1856,,,盼波
1857,,,以云
1858,,,怜翠
1859,,,雁风
1860,,,之卉
1861,,,平松
1862,,,问儿
1863,,,绿柳
1864,,,如蓉
1865,,,曼容
1866,,,天晴
1867,,,丹琴
1868,,,惜天
1869,,,寻琴
1870,,,痴春
1871,,,依瑶
1872,,,涵易
1873,,,忆灵
1874,,,从波
1875,,,依柔
1876,,,问兰
1877,,,山晴
1878,,,怜珊
1879,,,之云
1880,,,飞双
1881,,,傲白
1882,,,沛春
1883,,,雨南
1884,,,梦之
1885,,,笑阳
1886,,,代容
1887,,,友琴
1888,,,雁梅
1889,,,友桃
1890,,,从露
1891,,,语柔
1892,,,傲玉
1893,,,觅夏
1894,,,晓蓝
1895,,,新晴
1896,,,雨莲
1897,,,凝旋
1898,,,绿旋
1899,,,幻香
1900,,,觅双
1901,,,冷亦
1902,,,忆雪
1903,,,友卉
1904,,,幻翠
1905,,,靖柔
1906,,,寻菱
1907,,,丹翠
1908,,,安阳
1909,,,雅寒
1910,,,惜筠
1911,,,尔安
1912,,,雁易
1913,,,飞瑶
1914,,,夏兰
1915,,,沛蓝
1916,,,静丹
1917,,,山芙
1918,,,笑晴
1919,,,新烟
1920,,,笑旋
1921,,,雁兰
1922,,,凌翠
1923,,,秋莲
1924,,,书桃
1925,,,傲松
1926,,,语儿
1927,,,映菡
1928,,,初曼
1929,,,听云
1930,,,孤松
1931,,,初夏
1932,,,雅香
1933,,,语雪
1934,,,初珍
1935,,,白安
1936,,,冰薇
1937,,,诗槐
1938,,,冷玉
1939,,,冰巧
1940,,,之槐
1941,,,香柳
1942,,,问春
1943,,,夏寒
1944,,,半香
1945,,,诗筠
1946,,,新梅
1947,,,白曼
1948,,,安波
1949,,,从阳
1950,,,含桃
1951,,,曼卉
1952,,,笑萍
1953,,,碧巧
1954,,,晓露
1955,,,寻菡
1956,,,沛白
1957,,,平灵
1958,,,水彤
1959,,,安彤
1960,,,涵易
1961,,,乐巧
1962,,,依风
1963,,,紫南
1964,,,亦丝
1965,,,易蓉
1966,,,紫萍
1967,,,惜萱
1968,,,诗蕾
1969,,,寻绿
1970,,,诗双
1971,,,寻云
1972,,,孤丹
1973,,,谷蓝
1974,,,惜香
1975,,,谷枫
1976,,,山灵
1977,,,幻丝
1978,,,友梅
1979,,,从云
1980,,,雁丝
1981,,,盼旋
1982,,,幼旋
1983,,,尔蓝
1984,,,沛山
1985,,,代丝
1986,,,痴梅
1987,,,觅松
1988,,,冰香
1989,,,依玉
1990,,,冰之
1991,,,妙梦
1992,,,以冬
1993,,,碧春
1994,,,曼青
1995,,,冷菱
1996,,,雪曼
1997,,,安白
1998,,,香桃
1999,,,安春
2000,,,千亦
2001,,,凌蝶
2002,,,又夏
2003,,,南烟
2004,,,靖易
2005,,,沛凝
2006,,,翠梅
2007,,,书文
2008,,,雪卉
2009,,,乐儿
2010,,,傲丝
2011,,,安青
2012,,,初蝶
2013,,,寄灵
2014,,,惜寒
2015,,,雨竹
2016,,,冬莲
2017,,,绮南
2018,,,翠柏
2019,,,平凡
2020,,,亦玉
2021,,,孤兰
2022,,,秋珊
2023,,,新筠
2024,,,半芹
2025,,,夏瑶
2026,,,念文
2027,,,晓丝
2028,,,涵蕾
2029,,,雁凡
2030,,,谷兰
2031,,,灵凡
2032,,,凝云
2033,,,曼云
2034,,,丹彤
2035,,,南霜
2036,,,夜梦
2037,,,从筠
2038,,,雁芙
2039,,,语蝶
2040,,,依波
2041,,,晓旋
2042,,,念之
2043,,,盼芙
2044,,,曼安
2045,,,采珊
2046,,,盼夏
2047,,,初柳
2048,,,迎天
2049,,,曼安
2050,,,南珍
2051,,,妙芙
2052,,,语柳
2053,,,含莲
2054,,,晓筠
2055,,,夏山
2056,,,尔容
2057,,,采春
2058,,,念梦
2059,,,傲南
2060,,,问薇
2061,,,雨灵
2062,,,凝安
2063,,,冰海
2064,,,初珍
2065,,,宛菡
2066,,,冬卉
2067,,,盼晴
2068,,,冷荷
2069,,,寄翠
2070,,,幻梅
2071,,,如凡
2072,,,语梦
2073,,,易梦
2074,,,千柔
2075,,,向露
2076,,,梦玉
2077,,,傲霜
2078,,,依霜
2079,,,灵松
2080,,,诗桃
2081,,,书蝶
2082,,,恨真
2083,,,冰蝶
2084,,,山槐
2085,,,以晴
2086,,,友易
2087,,,梦桃
2088,,,香菱
2089,,,孤云
2090,,,水蓉
2091,,,雅容
2092,,,飞烟
2093,,,雁荷
2094,,,代芙
2095,,,醉易
2096,,,夏烟
2097,,,山梅
2098,,,若南
2099,,,恨桃
2100,,,依秋
2101,,,依波
2102,,,香巧
2103,,,紫萱
2104,,,涵易
2105,,,忆之
2106,,,幻巧
2107,,,水风
2108,,,安寒
2109,,,白亦
2110,,,惜玉
2111,,,碧春
2112,,,怜雪
2113,,,听南
2114,,,念蕾
2115,,,梦竹
2116,,,千凡
2117,,,寄琴
2118,,,采波
2119,,,元冬
2120,,,思菱
2121,,,平卉
2122,,,笑柳
2123,,,雪卉
2124,,,南蓉
2125,,,谷梦
2126,,,巧兰
2127,,,绿蝶
2128,,,飞荷
2129,,,平安
2130,,,孤晴
2131,,,芷荷
2132,,,曼冬
2133,,,寻巧
2134,,,寄波
2135,,,尔槐
2136,,,以旋
2137,,,绿蕊
2138,,,初夏
2139,,,依丝
2140,,,怜南
2141,,,千山
2142,,,雨安
2143,,,水风
2144,,,寄柔
2145,,,念巧
2146,,,幼枫
2147,,,凡桃
2148,,,新儿
2149,,,春翠
2150,,,夏波
2151,,,雨琴
2152,,,静槐
2153,,,元槐
2154,,,映阳
2155,,,飞薇
2156,,,小凝
2157,,,映寒
2158,,,傲菡
2159,,,谷蕊
2160,,,笑槐
2161,,,飞兰
2162,,,笑卉
2163,,,迎荷
2164,,,元冬
2165,,,书竹
2166,,,半烟
2167,,,绮波
2168,,,小之
2169,,,觅露
2170,,,夜雪
2171,,,春柔
2172,,,寒梦
2173,,,尔风
2174,,,白梅
2175,,,雨旋
2176,,,芷珊
2177,,,山彤
2178,,,尔柳
2179,,,沛柔
2180,,,灵萱
2181,,,沛凝
2182,,,白容
2183,,,乐蓉
2184,,,映安
2185,,,依云
2186,,,忆香
2187,,,觅波
2188,,,静曼
2189,,,凡旋
2190,,,以亦
2191,,,念露
2192,,,芷蕾
2193,,,千兰
2194,,,新波
2195,,,代真
2196,,,新蕾
2197,,,雁玉
2198,,,冷卉
2199,,,紫山
2200,,,千琴
2201,,,恨天
2202,,,傲芙
2203,,,盼山
2204,,,怀蝶
2205,,,冰兰
2206,,,山柏
2207,,,翠萱
2208,,,恨松
2209,,,问旋
2210,,,从南
2211,,,白易
2212,,,问筠
2213,,,如霜
2214,,,半芹
2215,,,丹珍
2216,,,冰彤
2217,,,亦寒
2218,,,寒雁
2219,,,怜云
2220,,,寻文
2221,,,乐丹
2222,,,翠柔
2223,,,谷山
2224,,,之瑶
2225,,,冰露
2226,,,尔珍
2227,,,谷雪
2228,,,乐萱
2229,,,涵菡
2230,,,海莲
2231,,,傲蕾
2232,,,青槐
2233,,,冬儿
2234,,,易梦
2235,,,惜雪
2236,,,宛海
2237,,,之柔
2238,,,夏青
2239,,,亦瑶
2240,,,妙菡
2241,,,春竹
2242,,,痴梦
2243,,,紫蓝
2244,,,晓巧
2245,,,幻柏
2246,,,元风
2247,,,冰枫
2248,,,访蕊
2249,,,南春
2250,,,芷蕊
2251,,,凡蕾
2252,,,凡柔
2253,,,安蕾
2254,,,天荷
2255,,,含玉
2256,,,书兰
2257,,,雅琴
2258,,,书瑶
2259,,,春雁
2260,,,从安
2261,,,夏槐
2262,,,念芹
2263,,,怀萍
2264,,,代曼
2265,,,幻珊
2266,,,谷丝
2267,,,秋翠
2268,,,白晴
2269,,,海露
2270,,,代荷
2271,,,含玉
2272,,,书蕾
2273,,,听白
2274,,,访琴
2275,,,灵雁
2276,,,秋春
2277,,,雪青
2278,,,乐瑶
2279,,,含烟
2280,,,涵双
2281,,,平蝶
2282,,,雅蕊
2283,,,傲之
2284,,,灵薇
2285,,,绿春
2286,,,含蕾
2287,,,从梦
2288,,,从蓉
2289,,,初丹
2290,,,听兰
2291,,,听蓉
2292,,,语芙
2293,,,夏彤
2294,,,凌瑶
2295,,,忆翠
2296,,,幻灵
2297,,,怜菡
2298,,,紫南
2299,,,依珊
2300,,,妙竹
2301,,,访烟
2302,,,怜蕾
2303,,,映寒
2304,,,友绿
2305,,,冰萍
2306,,,惜霜
2307,,,凌香
2308,,,芷蕾
2309,,,雁卉
2310,,,迎梦
2311,,,元柏
2312,,,代萱
2313,,,紫真
2314,,,千青
2315,,,凌寒
2316,,,紫安
2317,,,从梦
2318,,,从蓉
2319,,,初丹
2320,,,听兰
2321,,,听蓉
2322,,,语芙
2323,,,夏彤
2324,,,凌瑶
2325,,,忆翠
2326,,,幻灵
2327,,,怜菡
2328,,,紫南
2329,,,依珊
2330,,,妙竹
2331,,,访烟
2332,,,怜蕾
2333,,,映寒
2334,,,友绿
2335,,,冰萍
2336,,,惜霜
2337,,,凌香
2338,,,芷蕾
2339,,,雁卉
2340,,,迎梦
2341,,,元柏
2342,,,代萱
2343,,,紫真
2344,,,千青
2345,,,凌寒
2346,,,紫安
2347,,,寒安
2348,,,怀蕊
2349,,,秋荷
2350,,,涵雁
2351,,,以山
2352,,,凡梅
2353,,,盼曼
2354,,,翠彤
2355,,,谷冬
2356,,,新巧
2357,,,冷安
2358,,,千萍
2359,,,冰烟
2360,,,雅阳
2361,,,友绿
2362,,,南松
2363,,,诗云
2364,,,飞风
2365,,,寄灵
2366,,,书芹
2367,,,幼蓉
2368,,,以蓝
2369,,,笑寒
2370,,,忆寒
2371,,,秋烟
2372,,,芷巧
2373,,,水香
2374,,,映之
2375,,,醉波
2376,,,幻莲
2377,,,夜山
2378,,,芷卉
2379,,,向彤
2380,,,小玉
2381,,,幼南
2382,,,凡梦
2383,,,尔曼
2384,,,念波
2385,,,迎松
2386,,,青寒
2387,,,笑天
2388,,,涵蕾
2389,,,碧菡
2390,,,映秋
2391,,,盼烟
2392,,,忆山
2393,,,以寒
2394,,,寒香
2395,,,小凡
2396,,,代亦
2397,,,梦露
2398,,,映波
2399,,,友蕊
2400,,,寄凡
2401,,,怜蕾
2402,,,雁枫
2403,,,水绿
2404,,,曼荷
2405,,,笑珊
2406,,,寒珊
2407,,,谷南
2408,,,慕儿
2409,,,夏岚
2410,,,友儿
2411,,,小萱
2412,,,雪凝
2413,,,如柏
2414,,,雁菱
2415,,,凝竹
2416,,,宛白
2417,,,初柔
2418,,,南蕾
2419,,,书萱
2420,,,梦槐
2421,,,香芹
2422,,,南琴
2423,,,绿海
2424,,,沛儿
2425,,,晓瑶
2426,,,听春
2427,,,凝蝶
2428,,,紫雪
2429,,,念双
2430,,,念真
2431,,,曼寒
2432,,,凡霜
2433,,,飞雪
2434,,,雪兰
2435,,,雅霜
2436,,,从蓉
2437,,,冷雪
2438,,,靖巧
2439,,,翠丝
2440,,,觅翠
2441,,,凡白
2442,,,乐蓉
2443,,,迎波
2444,,,丹烟
2445,,,梦旋
2446,,,书双
2447,,,念桃
2448,,,夜天
2449,,,海桃
2450,,,青香
2451,,,恨风
2452,,,安筠
2453,,,觅柔
2454,,,初南
2455,,,秋蝶
2456,,,千易
2457,,,安露
2458,,,诗蕊
2459,,,山雁
2460,,,友菱
2461,,,香露
2462,,,晓兰
2463,,,白卉
2464,,,语山
2465,,,冷珍
2466,,,秋翠
2467,,,夏柳
2468,,,如之
2469,,,忆南
2470,,,书易
2471,,,翠桃
2472,,,寄瑶
2473,,,如曼
2474,,,问柳
2475,,,香梅
2476,,,幻桃
2477,,,又菡
2478,,,春绿
2479,,,醉蝶
2480,,,亦绿
2481,,,诗珊
2482,,,听芹
2483,,,新之
2484,,,易巧
2485,,,念云
2486,,,晓灵
2487,,,静枫
2488,,,夏蓉
2489,,,如南
2490,,,幼丝
2491,,,秋白
2492,,,冰安
2493,,,秋白
2494,,,南风
2495,,,醉山
2496,,,初彤
2497,,,凝海
2498,,,紫文
2499,,,凌晴
2500,,,香卉
2501,,,雅琴
2502,,,傲安
2503,,,傲之
2504,,,初蝶
2505,,,寻桃
2506,,,代芹
2507,,,诗霜
2508,,,春柏
2509,,,绿夏
2510,,,碧灵
2511,,,诗柳
2512,,,夏柳
2513,,,采白
2514,,,慕梅
2515,,,乐安
2516,,,冬菱
2517,,,紫安
2518,,,宛凝
2519,,,雨雪
2520,,,易真
2521,,,安荷
2522,,,静竹
2523,,,代柔
2524,,,丹秋
2525,,,绮梅
2526,,,依白
2527,,,凝荷
2528,,,幼珊
2529,,,忆彤
2530,,,凌青
2531,,,之桃
2532,,,芷荷
2533,,,听荷
2534,,,代玉
2535,,,念珍
2536,,,梦菲
2537,,,夜春
2538,,,千秋
2539,,,白秋
2540,,,谷菱
2541,,,傲云
2542,,,白梅
2543,,,念露
2544,,,慕凝
2545,,,雅柔
2546,,,盼柳
2547,,,半青
2548,,,从霜
2549,,,怀柔
2550,,,怜晴
2551,,,夜蓉
2552,,,代双
2553,,,以南
2554,,,若菱
